{
  "format_version": "1.12",
  "minecraft:recipe_shaped": {
    "description": {
      "identifier": "recipes_091a773a"
    },
    "tags": [
      "crafting_table"
    ],
    "pattern": [
      "AAA",
      "ABA",
      "AAA"
    ],
    "key": {
      "A": {
        "item": "minecraft:glowstone",
        "data": 0
      },
      "B": {
        "item": "minecraft:light_block",
        "data": 0
      }
    },
    "result": {
      "item": "minecraft:light_block",
      "count": 1,
      "data": 12
    }
  }
}