{
  "format_version": "1.12",
  "minecraft:recipe_shaped": {
    "description": {
      "identifier": "recipes_814f538f"
    },
    "tags": [
      "crafting_table"
    ],
    "pattern": [
      "AAA",
      "ABA",
      "CCC"
    ],
    "key": {
      "A": {
        "item": "minecraft:redstone",
        "data": 0
      },
      "B": {
        "item": "minecraft:structure_block",
        "data": 0
      },
      "C": {
        "item": "minecraft:bedrock",
        "data": 0
      }
    },
    "result": {
      "item": "minecraft:structure_void",
      "count": 1
    }
  }
}