{
  "format_version": "1.12",
  "minecraft:recipe_shaped": {
    "description": {
      "identifier": "recipes_cc710d12"
    },
    "tags": [
      "crafting_table"
    ],
    "pattern": [
      "ABA",
      "BCB",
      "ABA"
    ],
    "key": {
      "A": {
        "item": "minecraft:redstone",
        "data": 0
      },
      "B": {
        "item": "minecraft:bedrock",
        "data": 0
      },
      "C": {
        "item": "minecraft:redstone_torch",
        "data": 0
      }
    },
    "result": {
      "item": "minecraft:barrier",
      "count": 1,
      "data": 0
    }
  }
}