{
  "format_version": "1.12",
  "minecraft:recipe_shaped": {
    "description": {
      "identifier": "recipes_8eb1e6e6"
    },
    "tags": [
      "crafting_table"
    ],
    "pattern": [
      "AAA",
      "ABA",
      "AAA"
    ],
    "key": {
      "A": {
        "item": "minecraft:copper_block",
        "data": 0
      },
      "B": {
        "item": "minecraft:redstone",
        "data": 0
      }
    },
    "result": {
      "item": "minecraft:command_block",
      "count": 1,
      "data": 0
    }
  }
}