{
  "format_version": "1.12",
  "minecraft:recipe_shapeless": {
    "description": {
      "identifier": "recipes_f896e3cf"
    },
    "tags": [
      "crafting_table"
    ],
    "ingredients": [
      {
        "item": "minecraft:rotten_flesh",
        "data": 0
      },
      {
        "item": "minecraft:rotten_flesh",
        "data": 0
      },
      {
        "item": "minecraft:rotten_flesh",
        "data": 0
      },
      {
        "item": "minecraft:rotten_flesh",
        "data": 0
      }
    ],
    "result": {
      "item": "minecraft:leather",
      "count": 1,
      "data": 0
    }
  }
}